feature,importance
thal,0.5256893063936516
ca,0.46044249947126276
exang,0.4318939871885017
oldpeak,0.4245101833416611
thalach,0.41716687695796095
cp,0.4144463879051419
slope,0.3392131594836676
sex,0.276816316392098
age,0.22312029469045155
restecg,0.16920188657375604
trestbps,0.1508254495945064
chol,0.08516361139953135
fbs,0.025263666975726157
